{
  "17": 0.1425035399888441,
  "18": 0.136483798910046,
  "19": 0.13091427230050817,
  "20": 0.17674584495158543,
  "21": 0.11758661908350623,
  "22": 0.2957659247655186
}